-- 1 tund

-- kommentaar
-- teeme andmebaasi e db
create database TARpe22

-- db kustutamine
drop database TARpe22

-- tabeli loomine
create table Gender
(
Id int not null primary key,
Gender nvarchar(10) not null
)

---- andmete sisestamine
insert into Gender (Id, Gender)
values (2, 'Male')
insert into Gender (Id, Gender)
values (1, 'Female')
insert into Gender (Id, Gender)
values (3, 'Unknown')

--- sama Id v''rtusega rida ei saa sisestada
select * from Gender

--- teeme uue tabeli
create table Person
(
Id int not null primary key,
Name nvarchar(30),
Email nvarchar(30),
GenderId int
)

---vaatame Person tabeli sisu
select * from Person

---andmete sisestamine
insert into Person (Id, Name, Email, GenderId)
values (1, 'Superman', 's@s.com', 2)
insert into Person (Id, Name, Email, GenderId)
values (2, 'wonderwoman', 'w@w.com', 1)
insert into Person (Id, Name, Email, GenderId)
values (3, 'Batman', 'b@b.com', 2)
insert into Person (Id, Name, Email, GenderId)
values (4, 'Aquaman', 'a@a.com', 2)
insert into Person (Id, Name, Email, GenderId)
values (5, 'Catwoman', 'c@c.com', 1)
insert into Person (Id, Name, Email, GenderId)
values (6, 'Antman', 'ant"ant.com', 2)
insert into Person (Id, Name, Email, GenderId)
values (8, NULL, NULL, 2)

select * from Person

--võõrvõtme ühenduse loomine kahe tabeli vahel
alter table Person add constraint tblPerson_GenderId_FK
foreign key (GenderId) references Gender(Id)

---kui sisestad uue rea andmeid ja ei ole sisestanud GenderId all v''rtust, siis
---see automaatselt sisetab tabelisse v''rtuse 3 ja selleks on unknown
alter table Person
add constraint DF_Persons_GenderId
default 3 for GenderId

insert into Person (Id, Name, Email)
values (9, 'Ironman', 'i@i.com')

select * from Person

-- piirangu maha v]tmine
alter table Person
drop constraint DF_Persons_GenderId

---lisame uue veeru
alter table Person
add Age nvarchar(10)

--- lisame vanuse piirangu sisestamisel
--- ei saa lisada suuremat v''rtust kui 801
alter table Person
add constraint CK_Person_Age check (Age > 0 and Age < 801)

-- rea kustutamine
-- kui paned vale id, siis ei muuda midagi
delete from Person where Id = 9

select * from Person

-- kuidas uuendada andmeid tabelis
update Person
set Age = 50
where Id = 1

-- lisame juurde uue veeru
alter table Person
add City nvarchar(50)

-- k]ik, kes elavad Gothami linnas
select * from Person where City = 'Gotham'
-- k]ik, kes ei ela Gothami linnas
select * from Person where City != 'Gotham'
-- teine variant
select * from Person where not City = 'Gotham'
-- kolmas variant
select * from Person where City <> 'Gotham'

-- n'itab teatud vanusega inimesi
select * from Person where Age = 800 or Age = 35 or Age = 27
select * from Person where Age in (800, 35, 27)

-- n'itab teatud vanusevahemikus olevaid inimesi
select * from Person where Age between 20 and 35

-- wildcard e näitab kõik g-tähega linnad
select * from Person where City like 'g%'
--n'itab, k]ik emailid, milles on @ märk
select * from Person where Email like '%@%'

--- näitab kõiki, kellel ei ole @-märki emailis
select * from Person where Email not like '%@%'

--- n'itab, kellel on emailis ees ja peale @-märki
-- ainult üks täht
select * from Person where Email like '_@_.com'

-- k]ik, kellel ei ole nimes esimene t'ht W, A, C
select * from Person where Name like '[^WAC]%'

--- kes elavad Gothamis ja New Yorkis
select * from Person where (City = 'Gotham' or City = 'New York')

-- k]ik, kes elavad Gothamis ja New Yorkis ning
-- üle 30 eluaasta
select * from Person where
(City = 'Gotham' or City = 'New York')
and Age >= 30

--- kuvab t'hestikulises järjekorras inimesi
--- ja võtab aluseks nime

select * from Person order by Name
-- kuvab vastupidises järjekorras
select * from Person order by Name desc

-- võtab kolm esimest rida
select top 3 * from Person

--- 2 tund
--- muudab Age muutuja int-ks ja näitab vanuselises järjestuses
select * from Person order by CAST(Age as int)

--- kõikide isikute koondvanus
select SUM(CAST(Age as int)) from Person

--- näitab, kõige nooremat isikut
select MIN(CAST(Age as int)) from Person

--- näitab, kõige nooremat isikut
select Max(CAST(Age as int)) from Person

-- näeme konkreetsetes linnades olevate isikute koondvanust
-- enne oli Age string, aga päringu ajal muutsime selle int-ks
select City, SUM(cast(Age as int)) as TotalAge from Person group by City

--kuidas saab koodiga muuta tabeli andmetüüpi ja selle pikkust
alter table Person
alter column Name nvarchar(25)

alter table Person
alter column Age int

-- kuvab esimeses reas välja toodud järjestuses ja muudab Age-i TotalAge-ks
-- teeb järjestuse vaatesse: City, GenderId ja järjestab omakorda City veeru järgi
select City, GenderId, SUM(Age) as TotalAge from Person
group by City, GenderId order by City

--- näitab, et mitu rida on selles tabelis
select COUNT(*) from Person

--- veergude lugemine
SELECT count(*)
FROM INFORMATION_SCHEMA.COLUMNS
WHERE TABLE_NAME = 'Person'

--- näitab tulemust, et mitu inimest on genderId
--- väärtusega 2 konkreetses linnas
--- arvutab kokku vanuse
select GenderId, City, SUM(Age) as TotalAge, COUNT(Id) as [Total Person(s)]
from Person
where GenderId = '2'
group by GenderId, City

--- n'itab, et mitu inimest on vanemad, kui 41 ja kui palju igas linnas
select GenderId, City, SUM(Age) as TotalAge, COUNT(Id) as [Total Person(s)]
from Person
group by GenderId, City having SUM(Age) > 41

-- loome uue tabelid
create table Department
(
Id int primary key,
DepartmentName nvarchar(50),
[Location] nvarchar(50),
DepartmentHead nvarchar(50)
)

create table Employees
(
Id int primary key,
Name nvarchar(50),
Gender nvarchar(50),
Salary nvarchar(50),
DepartmentId int
)

insert into Employees (Id, Name, Gender, Salary, DepartmentId)
values (1, 'Tom', 'Male', 4000, 1)
insert into Employees (Id, Name, Gender, Salary, DepartmentId)
values (2, 'Pam', 'Female', 3000, 3)
insert into Employees (Id, Name, Gender, Salary, DepartmentId)
values (3, 'John', 'Male', 3500, 1)
insert into Employees (Id, Name, Gender, Salary, DepartmentId)
values (4, 'Sam', 'Male', 4500, 2)
insert into Employees (Id, Name, Gender, Salary, DepartmentId)
values (5, 'Todd', 'Male', 2800, 2)
insert into Employees (Id, Name, Gender, Salary, DepartmentId)
values (6, 'Ben', 'Male', 7000, 1)
insert into Employees (Id, Name, Gender, Salary, DepartmentId)
values (7, 'Sara', 'Female', 4800, 3)
insert into Employees (Id, Name, Gender, Salary, DepartmentId)
values (8, 'Valarie', 'Female', 5500, 1)
insert into Employees (Id, Name, Gender, Salary, DepartmentId)
values (9, 'James', 'Male', 6500, NULL)
insert into Employees (Id, Name, Gender, Salary, DepartmentId)
values (10, 'Russell', 'Male', 8800, NULL)


insert into Department(Id, DepartmentName, Location, DepartmentHead)
values
(1, 'IT', 'London', 'Rick'),
(2, 'Payroll', 'Delhi', 'Ron'),
(3, 'HR', 'New York', 'Christie'),
(4, 'Other Department', 'Sydney', 'Cindrella')


select Name, Gender, Salary, DepartmentName
from Employees
left join Department
on Employees.DepartmentId = Department.Id

---arvutame [he kuu palgafondi
select SUM(CAST(Salary as int)) from Employees
--- min palga saaja ja kui tahame max palga saajat,
--- siis min asemele max
select min(CAST(Salary as int)) from Employees

---lisame veeru nimega City
alter table Employees
add City nvarchar(30)

select * from Employees

-- [he kuu palgafond linnade l]ikes
select City, SUM(CAST(Salary as int)) as TotalSalary
from Employees
group by City

--linnad on t'hestikulises j'rjestuses
select City, SUM(CAST(Salary as int)) as TotalSalary
from Employees
group by City, Gender
order by City

---  loeb 'ra, mitu inimest on nimekirjas
select COUNT(*) from Employees

--- vaatame, et mitu t;;tajat on soo ja linna kaupa
select Gender, City, SUM(CAST(Salary as int)) as TotalSalary,
COUNT (Id) as [Total Employees(s)]
from Employees
group by Gender, City

--n'itada k]iki mehi linnade kaupa
select Gender, City, SUM(CAST(Salary as int)) as TotalSalary,
COUNT (Id) as [Total Employee(s)]
from Employees
where Gender = 'Male'
group by Gender, City

--- n'itab ainult k]ik naised linnade kaupa
select Gender, City, SUM(CAST(Salary as int)) as TotalSalary,
COUNT (Id) as [Total Employee(s)]
from Employees
group by Gender, City
having Gender = 'Female'

--- vigane p'ring
select * from Employees where SUM(CAST(Salary as int)) > 4000

-- t;;tav variant
select Gender, City, SUM(CAST(Salary as int)) as [Total Salary],
COUNT (Id) as [Total Employee(s)]
from Employees group by Gender, City
having SUM(CAST(Salary as int)) > 4000

--- loome tabeli, milles kahatakse automaatselt nummerdama Id-d
create table Test1
(
Id int identity(1,1),
Value nvarchar(20)
)

insert into Test1 values('X')

select * from Test1

---inner join
-- kuvab neid, kellel on DepartmentName all olemas v''rtus
select Name, Gender, Salary, DepartmentName
from Employees
inner join Department
on Employees.DepartmentId = Department.Id

--- left join
--- kuidas saada k]ik andmed Employees-st k'tte
select Name, Gender, Salary, DepartmentName
from Employees
left join Department  --v]ib kasutada ka LEFT OUTER JOIN-i
on Employees.DepartmentId = Department.Id

--- n'itab k]ik t;;tajad Employee tabelist ja Department tabelist
--- osakonna, kuhu ei ole kedagi m''ratud
select Name, Gender, Salary, DepartmentName
from Employees
right join Department  --v]ib kasutada ka RIGHT OUTER JOIN-i
on Employees.DepartmentId = Department.Id

--- kuidas saada k]ikide tabelite v''rtused ]hte p'ringusse
select Name, Gender, Salary, DepartmentName
from Employees
full outer join Department  
on Employees.DepartmentId = Department.Id

--- v]tab kaks allpool olevat tabelit kokku ja
--- korrutab need omavahel l'bi
select Name, Gender, Salary, DepartmentName
from Employees
cross join Department

--- kuidas kuvada ainult need isikud, kellel on Department NULL
select Name, Gender, Salary, DepartmentName
from Employees
left join Department
on Employees.DepartmentId = Department.Id
where Employees.DepartmentId is null

--- teine variant
select Name, Gender, Salary, DepartmentName
from Employees
left join Department
on Employees.DepartmentId = Department.Id
where Department.Id is null

-- kuidas saame deparmtent tabelis oleva rea, kus on NULL
select Name, Gender, Salary, DepartmentName
from Employees
left join Department
on Employees.DepartmentId = Department.Id
where Employees.DepartmentId is null

-- full join
-- m]lema tabeli mitte-kattuvate v''rtustega read kuvab v'lja
select Name, Gender, Salary, DepartmentName
from Employees
full join Department
on Employees.DepartmentId = Department.Id
where Employees.DepartmentId is null
or Department.Id is null

---- 3 tund 28.03.2023

-- tabeli muutmine koodiga, alguses vana tabeli nimi ja
-- siis uus soovitud nimi
sp_rename 'Department123', 'Department'

-- kasutame Employees tabeli asemel l[hendit E ja M
select E.Name as Employee, M.Name as Manager
from Employees E
left join Employees M
on E.ManagerId = M.Id


--alter table Employees
--add VeeruNimi int

--- inner join
--- n'itab ainult managerId all olevate isikute v''rtuseid
select E.Name as Employee, M.Name as Manager
from Employees E
inner join Employees M
on E.ManagerId = M.Id

--- k]ik saavad k]ikide [lemused olla
select E.Name as Employee, M.Name as Manager
from Employees E
cross join Employees M

select ISNULL('Asdasdasd', 'No Manager') as Manager

--- NULL asemel kuvab No Manager
select coalesce(NULL, 'No Manager') as Manager

--- neil kellel ei ole [lemust, siis paneb neile No Manager teksti
select E.Name as Employee, ISNULL(M.Name, 'No Manager') as Manager
from Employees E
left join Employees M
on E.ManagerId = M.Id


-- lisame tabelisse uued veerud
alter table Employees
add MiddleName nvarchar(30)
alter table Employees
add LastName nvarchar(30)

select * from Employees
--- uuendame koodiga v''rtuseid
update Employees
set FirstName = 'Tom', MiddleName = 'Nick', LastName = 'Jones'
where Id = 1

update Employees
set FirstName = 'Pam', MiddleName = NULL, LastName = 'Anderson'
where Id = 2

update Employees
set FirstName = 'John', MiddleName = NULL, LastName = NULL
where Id = 3

update Employees
set FirstName = 'Sam', MiddleName = NULL, LastName = 'Smith'
where Id = 4

update Employees
set FirstName = NULL, MiddleName = 'Todd', LastName = 'Someone'
where Id = 5

update Employees
set FirstName = 'Ben', MiddleName = 'Ten', LastName = 'Sven'
where Id = 6

update Employees
set FirstName = 'Sara', MiddleName = NULL, LastName = 'Connor'
where Id = 7

update Employees
set FirstName = 'Valarie', MiddleName = 'Balerine', LastName = NULL
where Id = 8

update Employees
set FirstName = 'James', MiddleName = '007', LastName = 'Bond'
where Id = 9

update Employees
set FirstName = NULL, MiddleName = NULL, LastName = 'Crowe'
where Id = 10

select * from Employees

--igast reast v]tab esimesena t'idetud lahtri ja kuvab ainult seda
select  Id, coalesce(FirstName, MiddleName, LastName) as Name
from Employees

-- loome kaks tabelit
create table IndianCustomers
(
Id int identity(1,1),
Name nvarchar(25),
Email nvarchar(25)
)

create table UKCustomers
(
Id int identity(1,1),
Name nvarchar(25),
Email nvarchar(25)
)

--- sisestame tabelisse andmeid
insert into IndianCustomers(Name, Email) values
('Raj', 'R@R.com'),
('Sam', 'S@S.com')

insert into UKCustomers(Name, Email) values
('Ben', 'B@B.com'),
('Sam', 'S@S.com')

select * from IndianCustomers
select * from UKCustomers

--- kasutame union all, mis n'itab k]iki ridu
select Id, Name, Email from IndianCustomers
union all
select Id, Name, Email from UKCustomers

--- korduvate v''rtustega read pannakse [hte ja ei korrata
select Id, Name, Email from IndianCustomers
union
select Id, Name, Email from UKCustomers

-- kuidas sorteerida tulemust nime j'rgi
select Id, Name, Email from IndianCustomers
union all
select Id, Name, Email from UKCustomers
order by Name

--- stored procedure
create procedure spGetEmployees
as begin
select FirstName, Gender from Employees
end

-- n[[d saab kasutada selle nimelist stored proceduret
spGetEmployees
exec spGetEmployees
execute spGetEmployees

create proc spGetEmployeesByGenderAndDepartment
--muutujaid defineeritakse @ m'rgiga
@Gender nvarchar(20),
@DepartmentId int
as begin
select FirstName, Gender, DepartmentId from Employees
where Gender = @Gender
and DepartmentId = @DepartmentId
end

-- kindlasti tuleb sellele panna parameeter l]ppu
-- kuna muidu annab errori
-- kindlasti peab j'lgima j'rjekorda, mis on pandud sp-le
-- parameetrite osas
spGetEmployeesByGenderAndDepartment 'Male', 1


spGetEmployeesByGenderAndDepartment
@DepartmentId = 1 , @Gender = 'Male'

-- saab vaadata sp sisu
sp_helptext spGetEmployeesByGenderAndDepartment


--- 3 tund

--- kuidas muuta sp-d ja v]ti peale, et keegi teine peale teie
--- ei saaks seda muuta

alter proc spGetEmployeesByGenderAndDepartment
@Gender nvarchar(20),
@DepartmentId int
with encryption --paneb v]tme peale
as begin
select FirstName, Gender, DepartmentId from Employees where Gender = @Gender
and DepartmentId = @DepartmentId
end

--sp tegemine
create proc spGetEmployeeCountByGender
@Gender nvarchar(20),
@EmployeeCount int output
as begin
select @EmployeeCount = COUNT(Id) from Employees where Gender = @Gender
end

--- annab tulemuse, kus loendab 'ra n]uetele vastavad read
--- prindib tulemuse kirja teel
declare @TotalCount int
execute spGetEmployeeCountByGender 'Male', @TotalCount out
if(@TotalCount = 0)
print '@TotalCount is null'
else
print '@Total is not null'
print @TotalCount
go
--- n'itab 'ra, et mitu rida vastab n]uetele
declare @TotalCount int
execute spGetEmployeeCountByGender @EmployeeCount = @TotalCount out, @Gender = 'Male'
print @TotalCount

--sp sisu vaatamine
sp_help spGetEmployeeCountByGender
-- tabeli info
sp_help Employees
-- kui soovid sp teksti n'ha
sp_helptext spGetEmployeeCountByGender

-- vaatame, millest s]ltub see sp
sp_depends spGetEmployeeCountByGender
--- saame teada, mitu asja s]ltub sellest tabelist
sp_depends Employees


create proc spGetNameById
@Id int,
@Name nvarchar(20) output
as begin
select @Name = Id, @Name = FirstName from Employees
end

spGetNameById 1, 'Tom'
-- annab kogu tabeli ridade arvu
create proc spTotalCount2
@TotalCount int output
as begin
select @TotalCount = COUNT(Id) from Employees
end

--- saame teada, et mitu rida andmeid on tabelis
declare @TotalEmployees int
execute spTotalCount2 @TotalEmployees output
select @TotalEmployees

-- mis id all on keegi nime j'rgi
create proc spGetNameById1
@Id int,
@FirstName nvarchar(50) output
as begin
select @FirstName = FirstName from Employees where Id = @Id
end

-- annab tulemuse, kus id 1 real on keegi koos nimega
declare @FirstName nvarchar(50)
execute spGetNameById1 6, @FirstName output
print 'Name of the employee = ' + @FirstName


declare
@FirstName nvarchar(20)
execute spGetNameById1 1, @FirstName out
print 'Name = ' + @FirstName


create proc spGetNameById2
@Id int
as begin
return (select FirstName from Employees where Id = @Id)
end

--- tuleb veateade kuna kutsusime v'lja int-i, aga Tom on string andmet[[p
declare @EmployeeName nvarchar(50)
execute @EmployeeName = spGetNameById2 1
print 'Name of the employee = ' + @EmployeeName

---

--- sisseehitatud string funktsioon
--- see konverteerib ASCII tähe väärtuse numbriks
select ASCII('a')
--- näitab A-tähte
select CHAR (65)

--- prindime kogu tähestiku välja
declare @Start int
set @Start = 97
while (@Start <= 122)
begin
select CHAR (@Start)
set @Start = @Start+1
end

---eemaldame tühjad kohad sulgudes (vasakul pool)
select LTRIM('                           Hello')

--- tühikute eemldamine veerust
select * from dbo.Employees

-- tühikute eemaldamine veerust
select ltrim(FirstName) as [First Name], MiddleName, LastName from Employees

--paremalt poolt tühjad stringid lõikab ära
select RTRIM('     Hello              ')

--- keerab kooloni sees olevad andmed vastupidiseks
--- vastavalt upper ja lower-ga saan muuta märkide suurust
--- reverse funktsioon pöörab kõik ümber
select REVERSE(UPPER(ltrim(FirstName))) as FirstName, MiddleName, LOWER(LastName),
RTRIM(LTRIM(FirstName)) + ' ' + MiddleName + ' ' + LastName as FullName
from Employees

-- näeb ära, et mitu tähemärki on nimes ja loeb tühikud sisse
select FirstName, LEN(FirstName) as [Total Characters] from Employees

--- näeb ära, mitu tähte on sõnal ja ei loe tyhikuid sisse
select FirstName, LEN(ltrim(FirstName)) as [Total Characters] from Employees


---left, right, substring
--- vasakult poolt neli esimest tähte
select LEFT('ABCDEF', 4)

--- paremalt poolt kolm tähte
select Right('ABCDEF', 3)

---- kuvab @-tähemärgi asetust
select CHARINDEX('@', 'sara@aaa.com')

--- esimene nr peale komakohta n'itab, et mitmendast alustab
--- ja siis mitu nr peale seda kuvada
select SUBSTRING('pam@abc.com', 5,4)

-- @-m'rgist kuvab kolm t'hem'rki. Viimase nr-ga saab m''rata pikkust
select SUBSTRING('pam@bbb.com', CHARINDEX('@', 'pam@bbb.com') + 1, 3)

---- peale @-t'hem'rki reguleerin t'hem'rkide pikkuse n'itamist
select SUBSTRING('pam@bbb.com', CHARINDEX('@', 'pam@bbb.com') + 2,
LEN('pam@bbb.com') - charindex('@', 'pam@bbb.com'))

--- saame teada domeeninimed emailides
select SUBSTRING (Email, CHARINDEX('@', Email) + 1,
LEN (Email) - charindex('@', Email)) as EmailDomain
from Employees

alter table Employees
add Email nvarchar(20)

update Employees set Email = 'Tom@aaa.com' where Id = 1
update Employees set Email = 'Pam@bbb.com' where Id = 2
update Employees set Email = 'John@aaa.com' where Id = 3
update Employees set Email = 'Sam@bbb.com' where Id = 4
update Employees set Email = 'Todd@bbb.com' where Id = 5
update Employees set Email = 'Ben@ccc.com' where Id = 6
update Employees set Email = 'Sara@ccc.com' where Id = 7
update Employees set Email = 'Valarie@aaa.com' where Id = 8
update Employees set Email = 'James@bbb.com' where Id = 9
update Employees set Email = 'Russel@bbb.com' where Id = 10

select * from Employees


--- lisame *-märgi teatud kohast
select FirstName, LastName,
SUBSTRING(Email,1, 2) + REPLICATE('*', 5) + --- peale teist tähemärki paneb viis tärni
SUBSTRING(Email, CHARINDEX('@', Email), len(Email) - charindex('@', Email)+1) as Email --- kuni @-m'rgini e on d[naamiline
from Employees

--- kolm korda n'itab stringis olevat v''rtust
select REPLICATE('asd', 3)

---- kuidas sisestada tyhikut kahe nime vahele
select SPACE(5)

--- tühikute arv kahe nime vahel
select FirstName + SPACE(25) + LastName as FullName
from Employees

---PATINDEX
--- sama, mis CHARINDEX, aga dünaamilisem ja saab kasutada wildcardi
select Email, PATINDEX('%@aaa.com', Email) as FirstOccurence
from Employees
where PATINDEX('%@aaa.com', Email) > 0 -- leiab kõik selle domeeni esindajad
-- ja alates mitmendast märgist algab @

--- k]ik .com-d asendatakse .net-ga
select Email, REPLACE(Email, '.com', '.net') as ConvertedEmail
from Employees

--- soovin asendada peale esimest märki kolm tähte viie tärniga
select FirstName, LastName, Email,
STUFF(Email, 2, 3, '*****') as StuffedEmail
from Employees

--- teeme tabeli
create table DateTime
(
c_time time,
c_date date,
c_smalldatetime smalldatetime,
c_datetime datetime,
c_datetime2 datetime2,
c_datetimeoffset datetimeoffset
)

select * from DateTime

---konkreetse masina kellaaeg
select GETDATE(), 'GETDATE()'

insert into DateTime
values (GETDATE(), GETDATE(), GETDATE(), GETDATE(), GETDATE(), GETDATE())

select * from DateTime

update DateTime set c_datetimeoffset = '2022-04-11 11:50:34.9100000 +00:00'
where c_datetimeoffset = '2023-04-11 11:50:34.9100000 +00:00'

select CURRENT_TIMESTAMP, 'CURRENT_TIMESTAMP' --aja päring
select SYSDATETIME(), 'SYSDATETIME' -- veel täpsem aja päring
select SYSDATETIMEOFFSET() --- täpne aeg koos ajalise nihkega UTC suhtes
select GETUTCDATE()  --- UTC aeg


select ISDATE('asd') -- tagastab 0 kuna string ei ole date
select ISDATE(GETDATE())  --- tagastab 1 kuna on kp
select ISDATE('2023-04-11 11:50:34.9100000') -- tagastab 0 kuna max kolm komakohta võib olla
select ISDATE('2023-04-11 11:50:34.910') --tagastab 1
select DAY(GETDATE()) --annab tänase päeva nr
select DAY('03/31/2020') --anab stringis oleva kp ja järjestus peab olema õige
select MONTH(GETDATE()) -- annab jooksva kuu nr
select Month('03/31/2020') -- annab stringis oleva kuu nr
select Year(GETDATE()) -- annab jooksva aasta nr
select Year('03/31/2020') -- annab stringis oleva aasta nr

select DATENAME(DAY, '2023-04-11 11:50:34.910') -- annab stringis oleva päeva nr
select DATENAME(WEEKDAY, '2023-04-11 11:50:34.910') --annab stringis oleva päeva sõnana
select DATENAME(MONTH, '2023-04-11 11:50:34.910') --annab stringis oleva kuu sõnana

--- 5 tund 18.04.2023
create function fnComputeAge(@DOB datetime)
returns nvarchar(50)
as begin
declare @tempdate datetime, @years int, @months int, @days int
select @tempdate = @DOB

select @years = DATEDIFF(YEAR, @tempdate, GETDATE()) - case when (MONTH(@DOB) >
MONTH(GETDATE())) or (MONTH(@DOB)
= month(getdate()) and DAY(@DOB) > DAY(GETDATE())) then 1 else 0 end
select @tempdate = DATEADD(YEAR, @years, @tempdate)

select @months = DATEDIFF(MONTH, @tempdate, GETDATE()) - case when DAY(@DOB) >
DAY(GETDATE()) then 1 else 0 end
select @tempdate = DATEADD(MONTH, @months, @tempdate)

select @days = DATEDIFF(DAY, @tempdate, GETDATE())

declare @Age nvarchar(50)
set @Age =
CAST(@years as nvarchar(4)) + ' Years '
+ CAST(@months as nvarchar(4)) + ' Months '  
+ CAST(@days as nvarchar(4)) + ' Days old '
return @Age
end

alter table Employees
add DateOfBirth datetime

-- saame vaadata kasutajate vanust
select Id, FirstName, DateOfBirth, dbo.fnComputeAge(DateOfBirth)
as Age from Employees

-- kui kasutame seda funktsiooni, siis saame teada tänase päeva vahe
-- stringis välja toodud kuupäevaga
select dbo.fnComputeAge('11/11/2010')

-- nr peale DateOfBirth muutujat näitab, et mismoodi kuvada DOB
select Id, FirstName, DateOfBirth,
CONVERT(nvarchar, DateOfBirth, 103) as ConvertedDOB
from Employees

select Id, FirstName, FirstName + ' - ' + CAST(Id as nvarchar)
as [Name-Id] from Employees


select CAST(GETDATE() as date) -- tänane kp
select CONVERT(date, GETDATE()) -- tänane k

--matemaatilised funktsioonid
select ABS(-101.5) --abs on absoluutne nr ja tulemuseks saame ilma miinusmärgita tulemuse
select CEILING(15.2) --tagastab 16 ja suurendab suurema täisarvu suunas
select CEILING(-15.2) --tagastab -15 ja suurendab suurema positiivse täisarvu suunas
select floor(15.2) -- ümardab negatiivsema nr poole
select floor(-15.2) -- ümardab negatiivsema nr poole
select POWER(2, 4) -- hakkab korrutama 2*2*2*2, esimene nr on korrutatav nr
select SQUARE(9) --antud juhul 9 ruudus
select SQRT(81)  --annab vastuse 9, ruutjuur

select RAND() ---annab suvalise nr
select FLOOR(RAND() * 100) --korrutab sajaga iga suvalise nr


---- 6 tund

---iga kord n'itab 10 suvalist nr-t
declare @counter int
set @counter = 1
while (@counter <= 10)
begin
print floor(rand() * 1000)
set @counter = @counter + 1
end

select ROUND(850.556, 2) -- ümardab kaks kohta peale komat 850.560
select ROUND(850.556, 2, 1) --ümardab allapoole 850.550
select ROUND(850.556, 1) --ümardab ülespoole ja ainult esimene nr peale koma 850.600
select ROUND(850.556, 1, 1) --ümardab allpoole
select ROUND(850.556, -2) --ümardab esimese täisnr ülesse
select ROUND(850.556, -1) --ümardab esimese täisnr alla


---
create function dbo.CalculateAge (@DOB date)
returns int
as begin
declare @Age int
set @Age = DATEDIFF(YEAR, @DOB, GETDATE()) -
case
when (MONTH(@DOB) > MONTH(GETDATE())) or
(MONTH(@DOB) > MONTH(GETDATE()) and DAY(@DOB) > DAY(GETDATE()))
then 1
else 0
end
return @Age
end

execute CalculateAge '10/08/2020'

select * from Employees

-- arvutab välja, kui vana on isik ja võtab arvesse kuud ning päevad
-- antud juhul näitab kõike, kes on üle 36 a vanad
select Id, FirstName, dbo.CalculateAge(DateOfBirth) as Age
from Employees
where dbo.CalculateAge(DateOfBirth) > 36

---lisame veeru juurde
alter table Employees
add DepartmentId int

-- scalar function annab mingis vahemikus olevaid andmeid,
-- aga inline table values ei kasuta begin ja end funktsioone
-- scalar annab väärtused ja inline annab tabeli
create function fn_EmployeesByGender(@Gender nvarchar(10))
returns table
as
return (select Id, FirstName, DateOfBirth, DepartmentId, Gender
from Employees
where Gender = @Gender)

--- kõik female töötajad
select * from fn_EmployeesByGender('Female')

select * from fn_EmployeesByGender('Female')
where FirstName = 'Pam' --where abil saab otsingut täpsustada

select * from Department

--- kahest erinevast tabelist andmete võtmine ja koos kuvamine
--- esimene on funktsioon ja teine tabel
select FirstName, Gender, DepartmentName
from fn_EmployeesByGender('Female')
E join Department D on D.Id = E.DepartmentId

--- multi-table statment

-- inline funktsioon
create function fn_GetEmployees()
returns table as
return (select Id, FirstName, CAST(DateOfBirth as date)
as DOB
from Employees)

select * from fn_GetEmployees()

--multi-state puhul peab defineerima uue tabeli veerud koos muutujatega
create function fn_MS_GetEmployees()
returns @Table Table (Id int, FirstName nvarchar(20), DOB date)
as begin
insert into @Table
select Id, FirstName, CAST(DateOfBirth as date) from Employees

return
end

select * from fn_MS_GetEmployees()

--inline tabeli funktsioonid on paremini töötamas kuna käsitletakse vaatena
--multi puhul on pm tegemist stored proceduriga ja kulutab rohkem ressurssi

-- saab andmeid muuta
update fn_GetEmployees() set FirstName = 'Sam1' where Id = 1
-- ei saa muuta andmeid multistate puhul
update fn_MS_GetEmployees() set FirstName = 'Sam2' where Id = 1

select * from Employees

--ette määratud ja mitte-ettemääratud

select COUNT(*) from Employees
select SQUARE(3) --kõik tehtemärgid on ette määratud funktsioonid
-- ja sinna kuuluvad veel sum, avg ja square

-- mitte-ettemääratud
select GETDATE()
select CURRENT_TIMESTAMP
select RAND() --see funktsioon saab olla mõlemas kategoorias,
-- kõik oleneb sellest, kas sulgudes on 1 või ei ole

--loome funktsiooni
create function fn_GetNameById(@id int)
returns nvarchar(30)
as begin
return (select FirstName from Employees where Id = @id)
end

select dbo.fn_GetNameById(7)

sp_helptext fn_GetNameById

-- loome funktsiooni, mille sisu krüpteerime ära
create function fn_GetEmployeeNameById(@id int)
returns nvarchar(30)
as begin
return (select FirstName from Employees where Id = @id)
end

-- muudame funktsiooni sisu ja krüpteerime ära
alter function fn_GetEmployeeNameById(@id int)
returns nvarchar(30)
with encryption
as begin
return (select FirstName from Employees where Id = @id)
end

--tahame krüpteeritud funktsiooni sisu näha, aga ei saa
sp_helptext fn_GetEmployeeNameById

alter function fn_GetEmployeeNameById(@id int)
returns nvarchar(30)
with schemabinding
as begin
return (select FirstName from Employees where Id = @id)
end

--- temporary tables
-- #-märgi ette panemisel saame aru, et tegemist on temp tableiga
-- seda tabelit saab ainult selles päringus avada
create table #PersonDetails(Id int, FirstName nvarchar(20))

insert into #PersonDetails values(1, 'Mike')
insert into #PersonDetails values(2, 'John')
insert into #PersonDetails values(3, 'Todd')
-- teie ülesanne on otsida ülesse temporary tabel

select * from #PersonDetails

select Name from sysobjects
where Name like '#PersonDetails%'

--- kustutame temp table
drop table #PersonDetails

-- teeme stored procedure
create proc spCreateLocalTempTable
as begin
create table #PersonDetails(Id int, FirstName nvarchar(20))

insert into #PersonDetails values(1, 'Mike')
insert into #PersonDetails values(2, 'John')
insert into #PersonDetails values(3, 'Todd')

select * from #PersonDetails
end

exec spCreateLocalTempTable

--- globaalse temp tabeli tegemine
create table ##PersonDetails(Id int, FirstName nvarchar(20))

select * from Employees

select * from Employees
where Salary > 5000 and Salary < 7000

--- loome indeksi, mis asetab palga kahanaevasse järjestusse
create index IX_Employee_Salary
on Employees (Salary asc)

-- saame tead, et mis on selle tabeli primaarvõti ja index
exec sys.sp_helpindex @objname = 'Employees'

--- indeksi kustutamine
drop index Employees.IX_Employee_Salary

---indeksi tüübid:
--1. Klastrites olevad
--2. Mitte-klastris olevad
--3. Unikaalsed
--4. Filtreeritud
--5. XML
--6. Täistekst
--7. Ruumiline
--8. Veerusäilitav
--9. Veergude indeksid
--10. Välja arvatud veergude indeksid

create table EmployeeCity
(
Id int primary key,
Name nvarchar(50),
Salary int,
Gender nvarchar(10),
City nvarchar(20)
)

exec sp_helpindex EmployeeCity
--- andmete õige järjestuse loovad klastris olevad indeksid ja kasutab selleks Id nr-t
-- põhjus, miks antud juhul kasutab Id-d, tuleneb primaarvõtmest
insert into EmployeeCity values(3, 'John', 4500, 'Male', 'New York')
insert into EmployeeCity values(1, 'Sam', 2500, 'Male', 'London')
insert into EmployeeCity values(4, 'Sara', 5500, 'Female', 'Tokyo')
insert into EmployeeCity values(5, 'Todd', 3100, 'Male', 'Toronto')
insert into EmployeeCity values(2, 'Pam', 6500, 'Male', 'Sydney')

select * from EmployeeCity

--klastris olevad indeksid dikteerivad säilitatud andmete järjestuse tabelis
--ja seda saab klastrite puhul olla ainult üks

create clustered index IX_EmployeeCity_Name
on EmployeeCity(Name)

--annab veateate, et tabelis saab olla ainult üks klastris olev indeks
-- kui soovid, uut indeksit luua, siis kustuta olemasolev

-- saame luua ainult ühe klastris oleva indeksi tabeli peale
-- klastris olev indeks on analoogne telefoni suunakoodile

-- loome composite(ühend) index-i
-- enne tuleb kõik teised klastris olevad indeksid ära kustutada

create clustered index IX_Employee_Gender_Salary
on EmployeeCity(Gender desc, Salary asc)

drop index EmployeeCity.PK__Employee__3214EC07A2F8A69D
-- koodiga ei saa kustutada Id-d, aga käsitsi saab

select * from EmployeeCity

--- erinevused kahe indeksi vahel
--- 1. ainult üks klastris olev indeks saab olla tabeli peale,
--- mitte-klastris olevaid indekseid saab olla mitu
--- 2. klastris olevad indeksid on kiiremad kuna indeks peab tagasi viitama tabelile
--- Juhul, kui selekteeritud veerg ei ole olemas indeksis
--- 3. Klastris olev indeks määratleb ära tabeli ridade slavestusjärjestuse
--- ja ei nõua kettal lisa ruumi. Samas mitte klastris olevad indeksid on
--- salvestatud tabelist eraldi ja nõuab lisa ruumi

create table EmployeeFirstName
(
Id int primary key,
FirstName nvarchar(50),
LastName nvarchar(50),
Salary int,
Gender nvarchar(10),
City nvarchar(25)
)

exec sp_helpindex EmployeeFirstName

--ei saa sisestada kahte samasuguse Id väärtusega rida
insert into EmployeeFirstName values(1, 'Mike', 'Sandoz', 4500, 'Male', 'New York')
insert into EmployeeFirstName values(1, 'John', 'Mendoz', 2500, 'Male', 'London')

drop index EmployeeFirstName.PK__Employee__3214EC0714697DE1
-- SQL server kasutab UNIQUE indeksit jõustamaks väärtuse unikaalsust
-- ja primaarvõtit

-- unikaalsed indekseid kasutatakse kindlustamaks väärtuste unikaalsust
-- (sh primaarvõtme oma)


create unique nonclustered index UIX_Employee_FirstName_LastName
on EmployeeFirstName(FirstName, LastName)

insert into EmployeeFirstName values(1, 'Mike', 'Sandoz', 4500, 'Male', 'New York')
insert into EmployeeFirstName values(2, 'John', 'Mendoz', 2500, 'Male', 'London')

truncate table EmployeeFirstName

-- lisame uue unikaalse piirangu
alter table EmployeeFirstName
add constraint UQ_EmployeeFirstname_City
unique nonclustered(City)

--ei luba tabelisse väärtusega uut John Menoz-t lisada kuna see on juba olemas
insert into EmployeeFirstName values(3, 'John', 'Mendoz', 3500, 'Male', 'London')

--- saab vaadata indeksite nimekirja
exec sp_helpconstraint EmployeeFirstName


-- 1.Vaikimisi primaarvõti loob unikaalse klastris oleva indeksi, samas
-- unikaalne piirang loob unikaalse mitte-klastris oleva indeksi
-- 2. Unikaalset indeksit või piirangut ei saa luua olemasolevasse tabelisse,
-- kui tabel juba sisaldab väärtusi võtmeveerus
-- 3. Vaikimisi korduvaid väärtusied ei ole veerus lubatud,
-- kui peaks olema unikaalne indeks või piirang. Nt, kui tahad sisestada
-- 10 rida andmeid, millest 5 sisaldavad korduvaid andmeid, siis kõik 10
-- lükatakse tagasi. Kui soovin ainult 5 rea tagasi lükkamist ja ülejäänud
-- 5 rea sisestamist, siis selleks kasutatakse IGNORE_DUP_KEY

--koodinäide:
create unique index IX_EmployeeFirstName
on EmployeeFirstName(City)
with ignore_dup_key

--enne koodi sisestamist kustuta indeksi kaustas UQ_EmployeeFirstname_City ära
insert into EmployeeFirstName values(3, 'John', 'Mendoz', 3512, 'Male', 'London')
insert into EmployeeFirstName values(4, 'John', 'Mendoz', 3123, 'Male', 'London1')
insert into EmployeeFirstName values(4, 'John', 'Mendoz', 3520, 'Male', 'London1')
-- enne ignore käsku oleks kõik kolm rida tagasi lükatud, aga
-- nüüd läks keskmine rida läbi kuna linna nimi oli unikaalne

--- view

--- view on salvestatud SQL-i päring. Saab käsitleda ka virtuaalse tabelina

select FirstName, Salary, Gender, DepartmentName
from Employees
join Department
on Employees.DepartmentId = Department.Id


-- loome view
create view vEmployeesByDepartment
as
select FirstName, Salary, Gender, DepartmentName
from Employees
join Department
on Employees.DepartmentId = Department.Id

-- view päringu esile kutsumine
select * from vEmployeesByDepartment

-- view ei salvesta andmeid vaikimisi
-- seda tasub võtta, kui salvestatud virtuaalse tabelina

-- milleks vaja:
-- saab kasutada andmebaasi skeemi keerukuse lihtsustamiseks,
-- mitte IT-inimesele
-- piiratud ligipääs andmetele, ei näe kõik veerge

--- teeme view, kus näeb ainult IT-töötajaid
create view vITEmployeesInDepartment
as
select FirstName, Salary, Gender, DepartmentName --saab näidata teatud arv veerge
from Employees
join Department
on Employees.DepartmentId = Department.Id
where Department.DepartmentName = 'IT'
-- seda päringut saab liigitada reataseme turvalisuse alla
-- tahan ainult IT inimesi näidata

select * from vITEmployeesInDepartment

--saab kasutada esitlemaks koondandmeid ja üksikasjalike andmeid
-- view, mis tagastab summeeritud andmeid
create view vEmployeesCountByDepartment
as
select DepartmentName, COUNT(Employees.Id) as TotalEmployees
from Employees
join Department
on Employees.DepartmentId = Department.Id
group by DepartmentName

select * from vEmployeesCountByDepartment

--- 7tund 1414
--view muutmine
alter view vEmployeesCountByDepartment

-- view kustutamine
drop view vEmployeesCountByDepartment

--- view uuendused
-- kas l'bi view saab uuendada andmeid

--- teeme andmete uuenduse, aga enne teeme view
create view vEmployeesDataExceptSalary
as
select Id, FirstName, Gender, DepartmentId
from Employees

---teeme uuenduse
update vEmployeesDataExceptSalary
set FirstName = 'Sam' where Id = 1

select * from vEmployeesDataExceptSalary

--- kustutame ja sisestame andmeid
delete from vEmployeesDataExceptSalary where Id = 2

insert into vEmployeesDataExceptSalary where Id = 2
insert into vEmployeesDataExceptSalary (Id, Gender, DepartmentId, FirstName)
values(2, 'Male', 1, 'Tom')

--- indekseeritud view-d
-- MS SQL-s on indekseeritud view nime all ja
-- Oracle-s materjaliseeritud view

create table Product
(
Id int primary key,
Name nvarchar(20),
UnitPrice int
)

insert into Product values
(1, 'Books', 20),
(2, 'Pens', 14),
(3, 'Pencils', 11),
(4, 'Clips', 10)


create table ProductSales
(
Id int,
QuantitySold int
)

insert into ProductSales values
(1, 10),
(3, 23),
(4, 21),
(2, 12),
(1, 13),
(3, 12),
(4, 13),
(1, 11),
(2, 12),
(1, 14)

--loome view, mis annab meile veerud TotalSlaes ja TotalTransaction

create view vTotalSalesByProduct
with schemabinding
as
select Name,
SUM(ISNULL((QuantitySold * UnitPrice), 0)) as TotalSales,
COUNT_BIG(*) as TotalTransactions
from dbo.ProductSales
join dbo.Product
on dbo.Product.Id = dbo.ProductSales.Id
group by Name


select * from vTotalSalesByProduct


--- kui soovid luua indeksi view sisse, siis peab järgima teatud reegleid
-- 1. view tuleb luua koos schemabinding-ga
-- 2. kui lisafunktsioon select list viitab väljendile ja selle tulemuseks
-- võib olla NULL, siis asendusväärtus peaks olema täpsustatud.
-- Antud juhul kasutasime ISNULL funktsiooni asendamaks NULL väärtust
-- 3. kui GroupBy on täpsustatud, siis view select list peab
-- sisaldama COUNT_BIG(*) väljendit
-- 4. Baastabelis peaksid view-d olema viidatud kahesosalie nimega
-- e antud juhul dbo.Product ja dbo.ProductSales.

create unique clustered index UIX_vTotalSalesByProduct_Name
on vTotalSalesByProduct(Name)
-- paneb selle view tähestikulisse järjestusse

select * from vTotalSalesByProduct


--- view piirangud
create view vEmployeeDetails
@Gender nvarchar(20)
as
select Id, Name, Gender, DepartmentId
from
where Gender = @Gender

-- vaatesse ei saa kaasa panna parameetreid e antud juhul Gender

create function fnEmployeeDetails(@Gender nvarchar(20))
returns table
as return
(select Id, FirstName, Gender, DepartmentId
from Employees where Gender = @Gender)

--- funktsiooni esile kutsumine koos parameetriga
select * from fnEmployeeDetails('male')

--- order by kasutamine
create view vEmployeeDetailsSorted
as
select Id, FirstName, Gender, DepartmentId
from Employees
order by Id

-- order by-d ei saa kasutada view-s

-- temp table kasutamine

create table ##TestTempTable(Id int, FirstName nvarchar(20), Gender nvarchar(10))

insert into ##TestTempTable values
(101, 'Martin', 'Male'),
(102, 'Joe', 'Female'),
(103, 'Pam', 'Female'),
(104, 'James', 'Male')

--- kasutame viewd, et kutsuda esile TempTable
create view vOnTempTable
as
select Id, FirstName, Gender
from ##TestTempTable
--- temp tables ei saa kasutada view-d

-- Triggerid
-- kolme tüüpi triggerid: DML, DDL ja LOGON

-- trigger on stored procedure eriliik, mis automaatselt käivitub,
-- kui mingi tegevus peaks aandmebaasis aset leidma

-- DML - data manipulation language
-- DML-i põhilised käsklused: insert, update ja delete

-- DML triggereid saab klassifitseerida kahte tüüpi:
-- 1. After trigger (kutsutakse ka FOR triggeriks)
-- 2. Instead of trigger (selmet trigger e selle asemel trigger)

--- after trigger käivitub peale sündmust,
--- kui kuskil on tehtud insert, update ja delete

-- kasutame Employee tabelit

create table EmployeeAudit
(
Id int identity(1, 1) primary key,
AuditData nvarchar(1000)
)

-- peale ig atöötaja sisestamist tahame teada saada töötaja Id-d, päeva ning aega(millal sisestati)
-- kõik andmed tulevad EmployeeAudit tabelisse

create trigger trEmployeeForInsert
on Employees
for insert
as begin
declare @Id int
select @Id = Id from inserted
insert into EmployeeAudit
values ('New employee with Id = ' + CAST(@Id as nvarchar(5)) + ' is added at '
+ CAST(GETDATE() as nvarchar(20)))
end

select * from Employees
select * from EmployeeAudit

insert into Employees values (11, 'Male', 3000, 1, 'Bob')

select * from Employees
select * from EmployeeAudit


-- update trigger
create trigger trEmployeeForUpdate
on Employees
for update
as begin
--muutujate deklareerimine
declare @Id int
declare @OldGender nvarchar(20), @NewGender nvarchar(20)
declare @OldSalary int, @NewSalary int
declare @OldDepartmentId int, @NewDepartmentId int
declare @OldFirstName nvarchar(50), @NewFirstName nvarchar(50)

-- muutuja, kuhu läheb lõpptekst
declare @AuditString nvarchar(1000)

-- laeb kõik uuendatud andmed temp table alla
select * into #TempTable
from inserted

-- käib läbi kõik andmed temp tables-s
while(exists(select Id from #TempTable))
begin
set @AuditString = ''
-- selekteerib esimese rea andmed temp table-st
select top 1 @Id = Id, @NewGender = Gender,
@NewSalary = Salary, @NewDepartmentId = DepartmentId,
@NewFirstName = FirstName
from #TempTable
-- võtab vanad andmed kustutatud tabelist
select @OldGender = Gender, @OldSalary = Salary,
@OldDepartmentId = DepartmentId, @OldFirstName = FirstName
from deleted where Id = @Id

-- loob auditi stringi dünaamiliselt
set @AuditString = 'Employee with Id = ' + cast(@Id as nvarchar(4)) + ' changed '
if(@OldGender <> @NewGender)
set @AuditString = @AuditString + ' Gender from ' + @OldGender + ' to ' +
@NewGender

if(@OldSalary <> @NewSalary)
set @AuditString = @AuditString + ' Salary from ' + CAST(@OldSalary as nvarchar(50))
+ ' to ' + CAST(@NewSalary as nvarchar(50))

if(@OldDepartmentId <> @NewDepartmentId)
set @AuditString = @AuditString + ' DepartmentId from ' + CAST(@OldDepartmentId as nvarchar(50))
+ ' to ' + CAST(@NewDepartmentId as nvarchar(50))

if(@OldFirstName <> @NewFirstName)
set @AuditString = @AuditString + ' FirstName from ' + @OldFirstName + ' to ' +
@NewFirstName

insert into dbo.EmployeeAudit values (@AuditString)
-- kustutab temp table-st rea, et saaksime liikuda uue rea juurde
delete from #TempTable where Id = @Id
end
end

update Employees set FirstName = 'test123456', Salary = 5000
where Id = 2

select * from EmployeeAudit
select * from Employees

-- insert trigger
select * from Department

update Department set DepartmentName = 'HR'
where Id = 3


create view vEmployeeDetails
as
select Employees.Id, FirstName, Gender, DepartmentName
from Employees
join Department
on Employees.DepartmentId = Department.Id

select * from vEmployeeDetails

create trigger tr_vEmployeeDetails_InsteadOfInsert
on vEmployeeDetails
instead of insert
as
begin

declare @DeptId int

-- vaatab, kas on olemas õiget DepartmentId
-- vastavas päringus
select @DeptId = Department.Id -- kui keegi peaks mingi suvalise osakonnanime panema, siis vastus on null
from Department
join inserted
on inserted.DepartmentName = Department.DepartmentName

-- kui departmentId on null, siis annab veateate
-- ja lõpetab tegevuse
if(@DeptId is null) -- kui vastus on null, siis annab alloleva vastuse
begin
raiserror('Invalid Department Name. Statement terminated', 16, 1)
return
end

-- kui osakonna nimetus on korrektne
insert into Employees(Id, FirstName, Gender, DepartmentId)
select Id, FirstName, Gender, @DeptId
from inserted
end

select * from EmployeeAudit
select * from Employees

insert into vEmployeeDetails values(12, 'asd', 'Female', 'IT')

delete from Employees where Id = 12;

-- ei saa uuendust teha kuna mõjutab mitut tabelit korraga
update vEmployeeDetails set FirstName = 'Johny', DepartmentName = 'IT' where Id = 1


--
update vEmployeeDetails set DepartmentName = 'IT' where Id = 1
select * from Department

-- loome triggeri
create trigger tr_vEmployeeDetails_InsteadOfUpdate
on vEmployeeDetails
instead of update
as begin
-- kui EmployeeId on uuendatud
if(update(Id))
begin
raiserror('ID cannot be changed.', 16, 1)
return
end

-- kui DepartmentName on uuendatud
if(update(DepartmentName))
begin
declare @DeptId int

select @DeptId = Department.Id
from Department
join inserted
on inserted.DepartmentName = Department.DepartmentName

if(@DeptId is null)
begin
raiserror('Invalid Department Name.', 16, 1)
return
end

update Employees set DepartmentId = @DeptId
from inserted
join Employees
on Employees.Id = inserted.Id
end

-- kui Gender veerust on andmed uuendatud
if(update(Gender))
begin
update Employees set Gender = inserted.Gender
from inserted
join Employees
on Employees.Id = inserted.Id
end

--Kui FirstName veerus on muudetud andmeid
if(update(FirstName))
begin
update Employees set FirstName = inserted.FirstName
from inserted
join Employees
on Employees.Id = inserted.Id
end
end

update Employees set FirstName = 'John', Gender = 'Female', DepartmentId = 3
where Id = 1

select * from vEmployeeDetails
select * from Employees
select * from Department

-- delete trigger
create view vEmployeeCount
as
select DepartmentName, DepartmentId, count(*) as TotalEmployees
from Employees
join Department
on Employees.DepartmentId = Department.Id
group by DepartmentName, DepartmentId

select * from vEmployeeCount

-- näitab, kus on rohkem, kui kaks töötajat
select DepartmentName, TotalEmployees from vEmployeeCount
where TotalEmployees >= 2

-- temp ehk ajutise tabeli loomine ja siis inf kättesaamine
select DepartmentName, Department.Id, count(*) as TotalEmployees
into #TempEmployeeCount
from Employees
join Department
on Employees.DepartmentId = Department.Id
group by DepartmentName, Department.Id

select * from #TempEmployeeCount


-- tabeli päring
select DepartmentName, TotalEmployees
from #TempEmployeeCount
where TotalEmployees >= 2

-- kustutame temptabeli
drop table #TempEmployeeCount

-- päring algab
declare @EmployeeCount
table(DepartmentName nvarchar(20), DepartmentId int, TotalEmployees int)
insert @EmployeeCount
select DepartmentName, DepartmentId, count(*) as TotalEmployees
from Employees
join Department
on Employees.DepartmentId = Department.Id
group by DepartmentName, DepartmentId

select DepartmentName, TotalEmployees
from @EmployeeCount
where TotalEmployees >= 2
-- päring lõppeb

-- sulgudes koondame kõik kokku ja võtame
-- ainult esimese rea SELECT-i järel oleva kokku
select DepartmentName, TotalEmployees
from
(
select DepartmentName, DepartmentId, count(*) as TotalEmployees
from Employees
join Department
on Employees.DepartmentId = Department.Id
group by DepartmentName, DepartmentId
)
as EmployeeCount
where TotalEmployees >= 2


-- CTE e common table expression ja on sarnane tuletatud tabelile ja
-- ei ole talletatud objektile ja kestab päringu aja jooksul
-- tegemist on nagu temp tabeliga

with EmployeeCount(DepartmentName, DepartmentId, TotalEmployees)
as
(
select DepartmentName, DepartmentId, count(*) as TotalEmployees
from Employees
join Department
on Employees.DepartmentId = Department.Id
group by DepartmentName, DepartmentId
)
select DepartmentName, TotalEmployees
from EmployeeCount
where TotalEmployees >= 2


select * from Employees

with Employees_Name_Gender
as
(
select Id, FirstName, Gender from Employees
)
update Employees_Name_Gender set Gender = 'Male' where Id = 1


--- saame CTE abil teada, et mitu töötajat on mingis osakonnas
with EmployeeCount(DepartmentId, TotalEmployees)
as
(
select DepartmentId, count(*) as TotalEmployees
from Employees
group by DepartmentId
)
select DepartmentName, TotalEmployees
from Department
join EmployeeCount
on Department.Id = EmployeeCount.DepartmentId
order by TotalEmployee

-- SAAB KASUTADA KA ROHKEM KUI ÜHTE CTE-D AGA PEAB KOMADEGA ERALDAMA 
with EmployeesCountBy_Payroll_IT_Dept(DepartmentName, Total)
as
	(
		select DepartmentName, count(Id) as TotalEmployees
		from Employees
		join Department
		on Employees.DepartmentId = Department.Id
		where DepartmentName in ('HR', 'Admin')
		group by DepartmentName
	)
select * from EmployeesCountBy_Payroll_IT_Dept
union

--- saab kasutada ka rohkem kui ühte CTE-d, aga peab komadega eraldama
with EmployeesCountBy_Payroll_IT_Dept(DepartmentName, Total)
as
    (
        select DepartmentName, count(Employees.Id) as TotalEmployees
        from Employees
        join Department
        on Employees.DepartmentId = Department.Id
        where DepartmentName in ('Payroll', 'IT')
        group by DepartmentName
    ),
EmployeesCountBy_HR_Admin_Dept(DepartmentName, Total)
as
    (
        select DepartmentName, count(Employees.Id) as TotalEmployees
        from Employees
        join Department
        on Employees.DepartmentId = Department.Id
        where DepartmentName in ('HR', 'Admin')
        group by DepartmentName
    )
select * from EmployeesCountBy_Payroll_IT_Dept
union 
select * from EmployeesCountBy_HR_Admin_Dept

---- updatable CTE
select * from Employees;

-- saab muuta Gender veerus olevat väärtust
with EmployeesByDepartment
as
(
    select Employees.Id, FirstName, Gender, DepartmentName
    from Employees
    join Department
    on Department.Id = Employees.DepartmentId
)
update EmployeesByDepartment set Gender = 'Male' where Id = 1

select * from Employees

--- kuvab andmed selliselt, et nr asemel on osakonna nimed
--- CTE kahe baastabeli põhjal
with EmployeesByDepartment
as
(
    select Employees.Id, FirstName, Gender, DepartmentName
    from Employees
    join Department.Id = Employees.DepartmentId
)
select * from EmployeesByDepartment

-- muudame Johni tagasi male peale
with EmployeesByDepartment
as
(
    select Employees.Id, FirstName, Gender, DepartmentName
    from Employees
    join Department
    on Department.Id = Employees.DepartmentId
)
update EmployeesByDepartment set Gender = 'Male' where Id = 1

-- tahae kahte baastabelit muuta
-- aga ei saa ainult üks baastabel korraga
with EmployeesByDepartment
as
(
    select Employees.Id, FirstName, Gender, DepartmentName
    from Employees
    join Department
    on Department.Id = Employees.DepartmentId
)
update EmployeesByDepartment set Gender = 'Male', DepartmentName = 'IT' where Id = 1


--- recrusive CTE 

create table Employee
(
EmployeeId int primary key,
Name nvarchar(20),
ManagerId int
)

create table Employee
(
EmployeeId int primary key, 
Name nvarchar(20),
ManagerId int
)

Insert into Employee values
(1, 'Tom', 2),
(2, 'Josh', null),
(3, 'Mike', 2),
(4, 'John', 3),
(5, 'Pam', 1),
(6, 'Mary', 3),
(7, 'James', 1),
(8, 'Sam', 5),
(9, 'Simon', 1)

select emp.Name as[Employee Name],
isnull(Manager.Name, 'Super Boss') as [Manager Name]
from Employee emp
left join Employee manager
on emp.ManagerId = manager.EmployeeId

--- koht, kus tabelis on null, sinna pannakse nimi Super Boss
--- CTE tabel on ainult päringu ajaks 

with
	EmployeeCTE (EmployeeId, Name, ManagerId, [LEVEL])
	as
	(
		select EmployeeId, Name, ManagerId, 1
		from Employee
		where ManagerId is null

		union all

		select Employee.EmployeeId, Employee.Name,
		Employee.ManagerId, EmployeeCTE.[Level] + 1
		from Employee
		join EmployeeCTE
		on Employee.ManagerId = EmployeeCTE.EmployeeId
	)
select EmpCTE.Name as Employee, IsNull(MgrCTE.Name, 'Super Boss') as Manager,
EmpCTE.[Level]
from EmployeeCTE EmpCTE
left join EmployeeCTE MgrCTE
on EmpCTE.ManagerId = MgrCTE.EmployeeId

-- kõigile annab department tabelis ühe numbri juurde ja järjestab employee
-- tabelis olevad isikud ära.

--- kokkuvõte CTE-st
-- 1. kui CTE baseerub ühel tabelil, siis uuendus töötab
-- 2. kui CTE baseerub mitmel tabelil, siis tuleb veateade
-- 3. kui CTE baseerub mitmel tabelil ja tahame muuta ainult ühte
-- tabelit, siis uuendus saab tehtud

---- PIVOT tabel

create table ProductSales
(
SalesAgent nvarchar(50),
SalesCountry nvarchar(50),
SalesAmount int
)

insert into ProductSales values
('Tom', 'UK', 200),
('John', 'US', 180),
('John', 'UK', 260),
('David', 'India', 450),
('Tom', 'India', 350),

('David', 'US', 200),
('Tom', 'US', 130),
('John', 'India', 540),
('John', 'UK', 120),
('David', 'UK', 220),

('John', 'UK', 420),
('David', 'US', 320),
('Tom', 'US', 340),
('Tom', 'UK', 660),
('John', 'India', 430),

('David', 'India', 230),
('David', 'India', 280),
('Tom', 'UK', 480),
('Tom', 'UK', 360),
('John', 'UK', 140)

--
select SalesCountry, SalesAgent, SUM(SalesAmount)
as Total
from ProductSales
group by SalesCountry, SalesAgent
order by SalesCountry, SalesAgent

--pivot näide
select SalesAgent, India, US, UK
from ProductSales
pivot
(
	sum(SalesAmount) for SalesCountry in ([India], [US], [UK])
)
as PivotTable 

-- päring muudab unikaalsete veergude väärtust (India, US, UK)
-- SalesCountry veerus omaette veergudeks koos veergude SalesAmount liitmisega

create table ProductsWithId
(
	Id int primary key, 
	SalesAgent nvarchar(50),
	SalesCountry nvarchar(50), 
	SalesAmount int
)

select SalesAgent,India, US, UK
from ProductsWithId
pivot
(
	sum(SalesAmount) for SalesCountry in ([India], [US], [UK])
)
as PivotTable
--- tulemuse põhjuseks on Id veeru olemasolu tabelis
--- jamida võetakse arvesse pööramise ja grupeerimise järgi

select SalesAgent, India, US, UK
from 
(
	select SalesAgent, SalesCountry, SalesAmount
	from ProductsWithId
)
as SourceTable
pivot
(
	sum(SalesAmount) for SalesCountry in ([India], [US], [UK)
)
as PivotTable